[
  {
    "codigo": "001",
    "nombre": "Arroz",
    "precio": 1500,
    "stock": 50,
    "categoria": "Abarrotes",
    "unidad": "kilos",
    "stock_minimo": 10
  },
  {
    "codigo": "002",
    "nombre": "Leche",
    "precio": 1200,
    "stock": 30,
    "categoria": "Lácteos",
    "unidad": "unidades",
    "stock_minimo": 5
  },
  {
    "codigo": "003",
    "nombre": "Pan",
    "precio": 800,
    "stock": 100,
    "categoria": "Panadería",
    "unidad": "unidades",
    "stock_minimo": 20
  },
  {
    "codigo": "004",
    "nombre": "Manzanas",
    "precio": 2500,
    "stock": 4,
    "categoria": "Frutas",
    "unidad": "kilos",
    "stock_minimo": 5
  },
  {
    "codigo": "005",
    "nombre": "Pollo",
    "precio": 5000,
    "stock": 15,
    "categoria": "Carnes",
    "unidad": "kilos",
    "stock_minimo": 5
  }
]