[
  {
    "codigo": "001",
    "nombre": "Arroz",
    "precio": 1500,
    "stock": 50.0,
    "categoria": "Abarrotes",
    "unidad": "kilos",
    "stock_minimo": 10.0
  },
  {
    "codigo": "002",
    "nombre": "Leche",
    "precio": 1200,
    "stock": 30,
    "categoria": "Lácteos",
    "unidad": "unidades",
    "stock_minimo": 5
  },
  {
    "codigo": "003",
    "nombre": "Pan",
    "precio": 800,
    "stock": 100,
    "categoria": "Panadería",
    "unidad": "unidades",
    "stock_minimo": 20
  },
  {
    "codigo": "004",
    "nombre": "Manzanas",
    "precio": 2500,
    "stock": 4.0,
    "categoria": "Frutas",
    "unidad": "kilos",
    "stock_minimo": 5.0
  },
  {
    "codigo": "005",
    "nombre": "Pollo",
    "precio": 5000,
    "stock": 13.8,
    "categoria": "Carnes",
    "unidad": "kilos",
    "stock_minimo": 5.0
  },
  {
    "codigo": "6",
    "nombre": "penedol",
    "precio": 100000000000000000000000000000000000000000000000000000000000000000,
    "stock": 2,
    "categoria": "Lácteos",
    "unidad": "unidades",
    "stock_minimo": 5
  }
]