[
  {
    "id": 1,
    "fecha": "2025-11-26 10:07:35",
    "items": [
      {
        "codigo": "001",
        "nombre": "Arroz",
        "cantidad": 1.0,
        "precio_unitario": 1500,
        "subtotal": 1500.0,
        "unidad": "kilos"
      }
    ],
    "total": 1500.0
  },
  {
    "id": 2,
    "fecha": "2025-11-27 11:18:31",
    "items": [
      {
        "codigo": "001",
        "nombre": "Arroz",
        "cantidad": 2.0,
        "precio_unitario": 1500,
        "subtotal": 3000.0,
        "unidad": "kilos"
      }
    ],
    "total": 3000.0
  },
  {
    "id": 3,
    "fecha": "2025-11-27 11:22:41",
    "items": [
      {
        "codigo": "001",
        "nombre": "Arroz",
        "cantidad": 1.0,
        "precio_unitario": 1500,
        "subtotal": 1500.0,
        "unidad": "kilos"
      },
      {
        "codigo": "004",
        "nombre": "Manzanas",
        "cantidad": 1.1,
        "precio_unitario": 2500,
        "subtotal": 2750.0,
        "unidad": "kilos"
      },
      {
        "codigo": "006",
        "nombre": "Carne Molida",
        "cantidad": 1.0,
        "precio_unitario": 4500,
        "subtotal": 4500.0,
        "unidad": "kilos"
      }
    ],
    "total": 8750.0
  },
  {
    "id": 4,
    "fecha": "2025-11-27 23:58:11",
    "items": [
      {
        "codigo": "005",
        "nombre": "Pollo",
        "cantidad": 15.0,
        "precio_unitario": 5000,
        "subtotal": 75000.0,
        "unidad": "kilos"
      }
    ],
    "total": 75000.0,
    "metodo_pago": "tarjeta",
    "tarjeta": {
      "numero_masked": "1234****9123",
      "ultimo4": "9123"
    }
  },
  {
    "id": 5,
    "fecha": "2025-11-28 00:13:12",
    "items": [
      {
        "codigo": "003",
        "nombre": "Pan",
        "cantidad": 2.0,
        "precio_unitario": 800,
        "subtotal": 1600.0,
        "unidad": "unidades"
      }
    ],
    "total": 1600.0,
    "metodo_pago": "efectivo",
    "tarjeta": null
  }
]